{
  "project_info": {
    "project_number": "311529186272",
    "project_id": "image-firbase",
    "storage_bucket": "image-firbase.appspot.com"
  },
  "client": [
    {
      "client_info": {
        "mobilesdk_app_id": "1:311529186272:android:f05ad34316f9d389e04185",
        "android_client_info": {
          "package_name": "com.example.image_firbase"
        }
      },
      "oauth_client": [],
      "api_key": [
        {
          "current_key": "AIzaSyBYBE1KZXR8ktvP07wX9iiD4Lt62wd2fcI"
        }
      ],
      "services": {
        "appinvite_service": {
          "other_platform_oauth_client": []
        }
      }
    }
  ],
  "configuration_version": "1"
}