{
  "project_info": {
    "project_number": "461497407816",
    "project_id": "studentregister-6c209",
    "storage_bucket": "studentregister-6c209.appspot.com"
  },
  "client": [
    {
      "client_info": {
        "mobilesdk_app_id": "1:461497407816:android:4258df42ef71a075027b7d",
        "android_client_info": {
          "package_name": "com.android.studentregister"
        }
      },
      "oauth_client": [],
      "api_key": [
        {
          "current_key": "AIzaSyDQVDE8YrqdZ1bxt4Mc2xw8jmelko8tpI0"
        }
      ],
      "services": {
        "appinvite_service": {
          "other_platform_oauth_client": []
        }
      }
    }
  ],
  "configuration_version": "1"
}